Name,Brand,2G,3G,4G,5G,Announced,Released,Dimension,Weight,Build,Sim,Body(Other),Display Type,Display Size,Resolution,Display Protection,Display(Other),OS,Chipset,CPU,GPU,Memory(External),Memory(Internal),Main Camera,Main Camera(Features),Main Camera(Video),Front Camera,Front Camera(Features),Front Camera(Video),Speaker,Headphone Jack,WiFi,Bluetooth,GPS,NFC,Radio,USB,Sensors,Battery Type,Charging,Battery Talktime,Colors,Models,Price,Benchmark Results,Battery Test,Popularity,Rating
iPhone 14 Pro Max,Apple,TRUE,TRUE,TRUE,TRUE,"2022, September 07","Available. Released 2022, September 16",160.7 x 77.6 x 7.9 mm (6.33 x 3.06 x 0.31 in),240 g (8.47 oz),"Glass front (Corning-made glass), glass back (Corning-made glass), stainless steel frame","Nano-SIM and eSIM - International Dual eSIM with multiple numbers - USA Dual SIM (Nano-SIM, dual stand-by) - China","IP68 dust/water resistant (up to 6m for 30 min)
Apple Pay (Visa, MasterCard, AMEX certified)","LTPO Super Retina XDR OLED, 120Hz, HDR10, Dolby Vision, 1000 nits (typ), 2000 nits (HBM)","6.7 inches, 110.2 cm2 (~88.3% screen-to-body ratio)","1290 x 2796 pixels, 19.5:9 ratio (~460 ppi density)",Ceramic Shield glass,Always-On display,"iOS 16, upgradable to iOS 16.5, planned upgrade to iOS 17",Apple A16 Bionic (4 nm),Hexa-core (2x3.46 GHz Everest + 4x2.02 GHz Sawtooth),Apple GPU (5-core graphics),No,"128GB 6GB RAM, 256GB 6GB RAM, 512GB 6GB RAM, 1TB 6GB RAM","48 MP, f/1.8, 24mm (wide), 1/1.28"", 1.22µm, dual pixel PDAF, sensor-shift OIS
12 MP, f/2.8, 77mm (telephoto), 1/3.5"", PDAF, OIS, 3x optical zoom
12 MP, f/2.2, 13mm, 120˚ (ultrawide), 1/2.55"", 1.4µm, dual pixel PDAF
TOF 3D LiDAR scanner (depth)","Dual-LED dual-tone flash, HDR (photo/panorama)","4K@24/25/30/60fps, 1080p@25/30/60/120/240fps, 10-bit HDR, Dolby Vision HDR (up to 60fps), ProRes, Cinematic mode (4K@24/30fps), stereo sound rec.","12 MP, f/1.9, 23mm (wide), 1/3.6"", PDAF, OIS (unconfirmed)
SL 3D, (depth/biometrics sensor)","HDR, Cinematic mode (4K@24/30fps)","4K@24/25/30/60fps, 1080p@25/30/60/120fps, gyro-EIS","Yes, with stereo speakers",No,"Wi-Fi 802.11 a/b/g/n/ac/6, dual-band, hotspot","5.3, A2DP, LE","GPS (L1+L5), GLONASS, GALILEO, BDS, QZSS",Yes,No,"Lightning, USB 2.0","Face ID, accelerometer, gyro, proximity, compass, barometer","Li-Ion 4323 mAh, non-removable (16.68 Wh)","Wired, PD2.0, 50% in 30 min (advertised)
15W wireless (MagSafe)
7.5W wireless (Qi)",,"Space Black, Silver, Gold, Deep Purple","A2894, A2651, A2893, A2895, iphone15,3",1099.99,"
AnTuTu: 955884 (v9)
GeekBench: 5423 (v5.1)
GFXBench: 54fps (ES 3.1 onscreen)",Endurance rating 121h,"7,390,480 hits",4.6
iPhone 14 Pro,Apple,TRUE,TRUE,TRUE,TRUE,"2022, September 07","Available. Released 2022, September 16",147.5 x 71.5 x 7.9 mm (5.81 x 2.81 x 0.31 in),206 g (7.27 oz),"Glass front (Corning-made glass), glass back (Corning-made glass), stainless steel frame","Nano-SIM and eSIM - International Dual eSIM with multiple numbers - USA Dual SIM (Nano-SIM, dual stand-by) - China","IP68 dust/water resistant (up to 6m for 30 min)
Apple Pay (Visa, MasterCard, AMEX certified)","LTPO Super Retina XDR OLED, 120Hz, HDR10, Dolby Vision, 1000 nits (typ), 2000 nits (HBM)","6.1 inches, 91.7 cm2 (~87.0% screen-to-body ratio)","1179 x 2556 pixels, 19.5:9 ratio (~460 ppi density)",Ceramic Shield glass,Always-On display,"iOS 16, upgradable to iOS 16.5, planned upgrade to iOS 17",Apple A16 Bionic (4 nm),Hexa-core (2x3.46 GHz Everest + 4x2.02 GHz Sawtooth),Apple GPU (5-core graphics),No,"128GB 6GB RAM, 256GB 6GB RAM, 512GB 6GB RAM, 1TB 6GB RAM","48 MP, f/1.8, 24mm (wide), 1/1.28"", 1.22µm, dual pixel PDAF, sensor-shift OIS
12 MP, f/2.8, 77mm (telephoto), 1/3.5"", PDAF, OIS, 3x optical zoom
12 MP, f/2.2, 13mm, 120˚ (ultrawide), 1/2.55"", 1.4µm, dual pixel PDAF
TOF 3D LiDAR scanner (depth)","Dual-LED dual-tone flash, HDR (photo/panorama)","4K@24/25/30/60fps, 1080p@25/30/60/120/240fps, 10-bit HDR, Dolby Vision HDR (up to 60fps), ProRes, Cinematic mode (4K@24/30fps), stereo sound rec.","12 MP, f/1.9, 23mm (wide), 1/3.6"", PDAF, OIS (unconfirmed)
SL 3D, (depth/biometrics sensor)","HDR, Cinematic mode (4K@24/30fps)","4K@24/25/30/60fps, 1080p@25/30/60/120fps, gyro-EIS","Yes, with stereo speakers",No,"Wi-Fi 802.11 a/b/g/n/ac/6, dual-band, hotspot","5.3, A2DP, LE","GPS (L1+L5), GLONASS, GALILEO, BDS, QZSS",Yes,No,"Lightning, USB 2.0","Face ID, accelerometer, gyro, proximity, compass, barometer","Li-Ion 3200 mAh, non-removable (12.38 Wh)","Wired, PD2.0, 50% in 30 min (advertised)
15W wireless (MagSafe)
7.5W wireless (Qi)",,"Space Black, Silver, Gold, Deep Purple","A2890, A2650, A2889, A2892, iphone15,2",999.99,"
AnTuTu: 968412 (v9)
GeekBench: 5346 (v5.1)
GFXBench: 60fps (ES 3.1 onscreen)",Endurance rating 86h,"3,273,412 hits",4.5
iPhone 14 Plus,Apple,TRUE,TRUE,TRUE,TRUE,"2022, September 07","Available. Released 2022, October 07",160.8 x 78.1 x 7.8 mm (6.33 x 3.07 x 0.31 in),203 g (7.16 oz),"Glass front (Corning-made glass), glass back (Corning-made glass), aluminum frame","Nano-SIM and eSIM - International Dual eSIM with multiple numbers - USA Dual SIM (Nano-SIM, dual stand-by) - China","IP68 dust/water resistant (up to 6m for 30 min)
Apple Pay (Visa, MasterCard, AMEX certified)","Super Retina XDR OLED, HDR10, Dolby Vision, 800 nits (HBM), 1200 nits (peak)","6.7 inches, 109.8 cm2 (~87.4% screen-to-body ratio)","1284 x 2778 pixels, 19.5:9 ratio (~458 ppi density)",Ceramic Shield glass,,"iOS 16, upgradable to iOS 16.5, planned upgrade to iOS 17",Apple A15 Bionic (5 nm),Hexa-core (2x3.23 GHz Avalanche + 4x1.82 GHz Blizzard),Apple GPU (5-core graphics),No,"128GB 6GB RAM, 256GB 6GB RAM, 512GB 6GB RAM","12 MP, f/1.5, 26mm (wide),  1/1.7"", 1.9µm, dual pixel PDAF, sensor-shift OIS
12 MP, f/2.4, 13mm, 120˚ (ultrawide)","Dual-LED dual-tone flash, HDR (photo/panorama)","4K@24/25/30/60fps, 1080p@25/30/60/120/240fps, HDR, Dolby Vision HDR (up to 60fps), Cinematic mode (4K@30fps), stereo sound rec.","12 MP, f/1.9, 23mm (wide), 1/3.6"", PDAF
SL 3D, (depth/biometrics sensor)","HDR, Cinematic mode (4K@30fps)","4K@24/25/30/60fps, 1080p@25/30/60/120fps, gyro-EIS","Yes, with stereo speakers",No,"Wi-Fi 802.11 a/b/g/n/ac/6, dual-band, hotspot","5.3, A2DP, LE","GPS, GLONASS, GALILEO, BDS, QZSS",Yes,No,"Lightning, USB 2.0","Face ID, accelerometer, gyro, proximity, compass, barometer","Li-Ion 4323 mAh, non-removable (16.68 Wh)","Wired, PD2.0, 50% in 30 min (advertised)
15W wireless (MagSafe)
7.5W wireless (Qi)",,"Midnight, Purple, Starlight, Blue, Red, Yellow","A2886, A2632, A2885, A2896, A2887, iphone14,8",899.99,"
AnTuTu: 797976 (v9)
GeekBench: 4582 (v5.1)
GFXBench: 60fps (ES 3.1 onscreen)",Endurance rating 102h,"1,739,894 hits",4.3
iPhone 14,Apple,TRUE,TRUE,TRUE,TRUE,"2022, September 07","Available. Released 2022, September 16",146.7 x 71.5 x 7.8 mm (5.78 x 2.81 x 0.31 in),172 g (6.07 oz),"Glass front (Corning-made glass), glass back (Corning-made glass), aluminum frame","Nano-SIM and eSIM - International Dual eSIM with multiple numbers - USA Dual SIM (Nano-SIM, dual stand-by) - China","IP68 dust/water resistant (up to 6m for 30 min)
Apple Pay (Visa, MasterCard, AMEX certified)","Super Retina XDR OLED, HDR10, Dolby Vision, 800 nits (HBM), 1200 nits (peak)","6.1 inches, 90.2 cm2 (~86.0% screen-to-body ratio)","1170 x 2532 pixels, 19.5:9 ratio (~460 ppi density)",Ceramic Shield glass,,"iOS 16, upgradable to iOS 16.5, planned upgrade to iOS 17",Apple A15 Bionic (5 nm),Hexa-core (2x3.23 GHz Avalanche + 4x1.82 GHz Blizzard),Apple GPU (5-core graphics),No,"128GB 6GB RAM, 256GB 6GB RAM, 512GB 6GB RAM","12 MP, f/1.5, 26mm (wide),  1/1.7"", 1.9µm, dual pixel PDAF, sensor-shift OIS
12 MP, f/2.4, 13mm, 120˚ (ultrawide)","Dual-LED dual-tone flash, HDR (photo/panorama)","4K@24/25/30/60fps, 1080p@25/30/60/120/240fps, HDR, Dolby Vision HDR (up to 60fps), Cinematic mode (4K@30fps), stereo sound rec.","12 MP, f/1.9, 23mm (wide), 1/3.6"", PDAF
SL 3D, (depth/biometrics sensor)","HDR, Cinematic mode (4K@30fps)","4K@24/25/30/60fps, 1080p@25/30/60/120fps, gyro-EIS","Yes, with stereo speakers",No,"Wi-Fi 802.11 a/b/g/n/ac/6, dual-band, hotspot","5.3, A2DP, LE","GPS, GLONASS, GALILEO, BDS, QZSS",Yes,No,"Lightning, USB 2.0","Face ID, accelerometer, gyro, proximity, compass, barometer","Li-Ion 3279 mAh, non-removable (12.68 Wh)","Wired, PD2.0, 50% in 30 min (advertised)
15W wireless (MagSafe)
7.5W wireless (Qi)",,"Midnight, Purple, Starlight, Blue, Red, Yellow","A2882, A2649, A2881, A2884, A2883, iphone14,7",799.99,"
AnTuTu: 817125 (v9)
GeekBench: 4761 (v5.1)
GFXBench: 60fps (ES 3.1 onscreen)",Endurance rating 90h,"2,932,258 hits",4.2
Phone SE (2022),Apple,TRUE,TRUE,TRUE,TRUE,"2022, March 08","Available. Released 2022, March 18",138.4 x 67.3 x 7.3 mm (5.45 x 2.65 x 0.29 in),144 g (5.08 oz),"Glass front, glass back, aluminum frame",Nano-SIM and eSIM,"IP67 dust/water resistant (up to 1m for 30 min)
Apple Pay (Visa, MasterCard, AMEX certified)","Retina IPS LCD, 625 nits (typ)","4.7 inches, 60.9 cm2 (~65.4% screen-to-body ratio)","750 x 1334 pixels, 16:9 ratio (~326 ppi density)",Ion-strengthened glass,,"iOS 15.4, upgradable to iOS 16.5, planned upgrade to iOS 17",Apple A15 Bionic (5 nm),Hexa-core (2x3.22 GHz Avalanche + 4x1.82 GHz Blizzard),Apple GPU (4-core graphics),No,"64GB 4GB RAM, 128GB 4GB RAM, 256GB 4GB RAM","12 MP, f/1.8 (wide), PDAF, OIS","Quad-LED dual-tone flash, HDR, panorama","4K@24/30/60fps, 1080p@30/60/120/240fps, HDR, OIS, stereo sound rec.","7 MP, f/2.2",HDR,1080p@30/120fps,"Yes, with stereo speakers",No,"Wi-Fi 802.11 a/b/g/n/ac/6, dual-band, hotspot","5.0, A2DP, LE","GPS, GLONASS, GALILEO, BDS, QZSS",Yes,No,"Lightning, USB 2.0","Fingerprint (front-mounted), accelerometer, proximity, gyro, compass, barometer","Li-Ion 2018 mAh, non-removable (6.96 Wh)","20W wired, 50% in 30 min (advertised)
7.5W wireless (Qi)",,"Midnight, Starlight, Red","A2783, A2595, A2785, A2782, A2784, iphone14,6",399,"
AnTuTu: 723486 (v9)
GeekBench: 4629 (v5.1)
GFXBench: 60fps (ES 3.1 onscreen)",Endurance rating 62h,"3,015,649 hits",3.9
iPhone 13 Pro Max,Apple,TRUE,TRUE,TRUE,TRUE,"2021, September 14","Available. Released 2021, September 24",160.8 x 78.1 x 7.7 mm (6.33 x 3.07 x 0.30 in),240 g (8.47 oz),"Glass front (Corning-made glass), glass back (Corning-made glass), stainless steel frame","Nano-SIM and eSIM or Dual SIM (Nano-SIM, dual stand-by)","IP68 dust/water resistant (up to 6m for 30 min)
Apple Pay (Visa, MasterCard, AMEX certified)","Super Retina XDR OLED, 120Hz, HDR10, Dolby Vision, 1000 nits (HBM), 1200 nits (peak)","6.7 inches, 109.8 cm2 (~87.4% screen-to-body ratio)","1284 x 2778 pixels, 19.5:9 ratio (~458 ppi density)",Ceramic Shield glass,,"iOS 15, upgradable to iOS 16.5, planned upgrade to iOS 17",Apple A15 Bionic (5 nm),Hexa-core (2x3.23 GHz Avalanche + 4x1.82 GHz Blizzard),Apple GPU (5-core graphics),No,"128GB 6GB RAM, 256GB 6GB RAM, 512GB 6GB RAM, 1TB 6GB RAM","12 MP, f/1.5, 26mm (wide), 1/1.7"", 1.9µm, dual pixel PDAF, sensor-shift OIS
12 MP, f/2.8, 77mm (telephoto), PDAF, 1/3.5"", OIS, 3x optical zoom
12 MP, f/1.8, 13mm, 120˚ (ultrawide), 1/3.5"", PDAF
TOF 3D LiDAR scanner (depth)","Dual-LED dual-tone flash, HDR (photo/panorama)","4K@24/30/60fps, 1080p@30/60/120/240fps, 10-bit HDR, Dolby Vision HDR (up to 60fps), ProRes, Cinematic mode (1080p@30fps), stereo sound rec.","12 MP, f/2.2, 23mm (wide), 1/3.6""
SL 3D, (depth/biometrics sensor)",HDR,"4K@24/25/30/60fps, 1080p@30/60/120fps, gyro-EIS","Yes, with stereo speakers",No,"Wi-Fi 802.11 a/b/g/n/ac/6, dual-band, hotspot","5.0, A2DP, LE","GPS, GLONASS, GALILEO, BDS, QZSS",Yes,No,"Lightning, USB 2.0","Face ID, accelerometer, gyro, proximity, compass, barometer","Li-Ion 4352 mAh, non-removable (16.75 Wh)","Wired, PD2.0, 50% in 30 min (advertised)
15W wireless (MagSafe)
7.5W wireless (Qi)",,"Graphite, Gold, Silver, Sierra Blue, Alpine Green","A2643, A2484, A2641, A2644, A2645, iphone14,3",1033.05,"
AnTuTu: 801691 (v9)
GeekBench: 4706 (v5.1)
GFXBench: 60fps (ES 3.1 onscreen)",Endurance rating 121h,"11,076,982 hits",4.6
iPhone 13 Pro,Apple,TRUE,TRUE,TRUE,TRUE,"2021, September 14","Available. Released 2021, September 24",146.7 x 71.5 x 7.7 mm (5.78 x 2.81 x 0.30 in),204 g (7.20 oz),"Glass front (Corning-made glass), glass back (Corning-made glass), stainless steel frame","Nano-SIM and eSIM or Dual SIM (Nano-SIM, dual stand-by)","IP68 dust/water resistant (up to 6m for 30 min)
Apple Pay (Visa, MasterCard, AMEX certified)","Super Retina XDR OLED, 120Hz, HDR10, Dolby Vision, 1000 nits (HBM), 1200 nits (peak)","6.1 inches, 90.2 cm2 (~86.0% screen-to-body ratio)","1170 x 2532 pixels, 19.5:9 ratio (~460 ppi density)",Ceramic Shield glass,,"iOS 15, upgradable to iOS 16.5, planned upgrade to iOS 17",Apple A15 Bionic (5 nm),Hexa-core (2x3.23 GHz Avalanche + 4x1.82 GHz Blizzard),Apple GPU (5-core graphics),No,"128GB 6GB RAM, 256GB 6GB RAM, 512GB 6GB RAM, 1TB 6GB RAM","12 MP, f/1.5, 26mm (wide), 1/1.7"", 1.9µm, dual pixel PDAF, sensor-shift OIS
12 MP, f/2.8, 77mm (telephoto), PDAF, 1/3.5"", OIS, 3x optical zoom
12 MP, f/1.8, 13mm, 120˚ (ultrawide), 1/3.5"", PDAF
TOF 3D LiDAR scanner (depth)","Dual-LED dual-tone flash, HDR (photo/panorama)","4K@24/30/60fps, 1080p@30/60/120/240fps, 10‑bit HDR, Dolby Vision HDR (up to 60fps), ProRes, Cinematic mode (1080p@30fps), stereo sound rec.","12 MP, f/2.2, 23mm (wide), 1/3.6""
SL 3D, (depth/biometrics sensor)",HDR,"4K@24/25/30/60fps, 1080p@30/60/120fps, gyro-EIS","Yes, with stereo speakers",No,"Wi-Fi 802.11 a/b/g/n/ac/6, dual-band, hotspot","5.0, A2DP, LE","GPS, GLONASS, GALILEO, BDS, QZSS",Yes,No,"Lightning, USB 2.0","Face ID, accelerometer, gyro, proximity, compass, barometer","Li-Ion 3095 mAh, non-removable (12.11 Wh)","Wired, PD2.0, 50% in 30 min (advertised)
15W wireless (MagSafe)
7.5W wireless (Qi)",,"Graphite, Gold, Silver, Sierra Blue, Alpine Green","A2638, A2483, A2636, A2639, A2640, iPhone14,2",998.95,"
AnTuTu: 794348 (v9)
GeekBench: 4687 (v5.1)
GFXBench: 60fps (ES 3.1 onscreen)",Endurance rating 85h,"5,111,126 hits",4.5
iPhone 13,Apple,TRUE,TRUE,TRUE,TRUE,"2021, September 14","Available. Released 2021, September 24",146.7 x 71.5 x 7.7 mm (5.78 x 2.81 x 0.30 in),174 g (6.14 oz),"Glass front (Corning-made glass), glass back (Corning-made glass), aluminum frame","Nano-SIM and eSIM or Dual SIM (Nano-SIM, dual stand-by)","IP68 dust/water resistant (up to 6m for 30 min)
Apple Pay (Visa, MasterCard, AMEX certified)","Super Retina XDR OLED, HDR10, Dolby Vision, 800 nits (HBM), 1200 nits (peak)","6.1 inches, 90.2 cm2 (~86.0% screen-to-body ratio)","1170 x 2532 pixels, 19.5:9 ratio (~460 ppi density)",Ceramic Shield glass,,"iOS 15, upgradable to iOS 16.5, planned upgrade to iOS 17",Apple A15 Bionic (5 nm),Hexa-core (2x3.23 GHz Avalanche + 4x1.82 GHz Blizzard),Apple GPU (4-core graphics),No,"128GB 4GB RAM, 256GB 4GB RAM, 512GB 4GB RAM","12 MP, f/1.6, 26mm (wide), 1.7µm, dual pixel PDAF, sensor-shift OIS
12 MP, f/2.4, 120˚, 13mm (ultrawide)","Dual-LED dual-tone flash, HDR (photo/panorama)","4K@24/30/60fps, 1080p@30/60/120/240fps, HDR, Dolby Vision HDR (up to 60fps), stereo sound rec.","12 MP, f/2.2, 23mm (wide), 1/3.6""
SL 3D, (depth/biometrics sensor)",HDR,"4K@24/25/30/60fps, 1080p@30/60/120fps, gyro-EIS","Yes, with stereo speakers",No,"Wi-Fi 802.11 a/b/g/n/ac/6, dual-band, hotspot","5.0, A2DP, LE","GPS, GLONASS, GALILEO, BDS, QZSS",Yes,No,"Lightning, USB 2.0","Face ID, accelerometer, gyro, proximity, compass, barometer","Li-Ion 3240 mAh, non-removable (12.41 Wh)","Wired, PD2.0, 50% in 30 min (advertised)
15W wireless (MagSafe)
7.5W wireless (Qi)",,"Starlight, Midnight, Blue, Pink, Red, Green","A2633, A2482, A2631, A2634, A2635, iphone14,5",799.99,"
AnTuTu: 775519 (v9)
GeekBench: 4645 (v5.1)
GFXBench: 59fps (ES 3.1 onscreen)",Endurance rating 89h,"7,442,532 hits",4.2
iPhone 13 mini,Apple,TRUE,TRUE,TRUE,TRUE,"2021, September 14","Available. Released 2021, September 24",131.5 x 64.2 x 7.7 mm (5.18 x 2.53 x 0.30 in),141 g (4.97 oz),"Glass front (Corning-made glass), glass back (Corning-made glass), aluminum frame","Nano-SIM and eSIM or Dual SIM (Nano-SIM, dual stand-by)","IP68 dust/water resistant (up to 6m for 30 min)
Apple Pay (Visa, MasterCard, AMEX certified)","Super Retina XDR OLED, HDR10, Dolby Vision, 800 nits (HBM), 1200 nits (peak)","5.4 inches, 71.9 cm2 (~85.1% screen-to-body ratio)","1080 x 2340 pixels, 19.5:9 ratio (~476 ppi density)",Ceramic Shield glass,,"iOS 15, upgradable to iOS 16.5, planned upgrade to iOS 17",Apple A15 Bionic (5 nm),Hexa-core (2x3.23 GHz Avalanche + 4x1.82 GHz Blizzard),Apple GPU (4-core graphics),No,"128GB 4GB RAM, 256GB 4GB RAM, 512GB 4GB RAM","12 MP, f/1.6, 26mm (wide), 1.7µm, dual pixel PDAF, sensor-shift OIS
12 MP, f/2.4, 120˚, 13mm (ultrawide)","Dual-LED dual-tone flash, HDR (photo/panorama)","4K@24/30/60fps, 1080p@30/60/120/240fps, HDR, Dolby Vision HDR (up to 60fps), stereo sound rec.","12 MP, f/2.2, 23mm (wide), 1/3.6""
SL 3D, (depth/biometrics sensor)",HDR,"4K@24/25/30/60fps, 1080p@30/60/120fps, gyro-EIS","Yes, with stereo speakers",No,"Wi-Fi 802.11 a/b/g/n/ac/6, dual-band, hotspot","5.0, A2DP, LE","GPS, GLONASS, GALILEO, BDS, QZSS",Yes,No,"Lightning, USB 2.0","Face ID, accelerometer, gyro, proximity, compass, barometer","Li-Ion 2438 mAh, non-removable (9.34 Wh)","Wired, PD2.0, 50% in 30 min (advertised)
15W wireless (MagSafe)
7.5W wireless (Qi)",,"Starlight, Midnight, Blue, Pink, Red, Green","A2628, A2481, A2626, A2629, A2630, iphone14,4",699.99,"
AnTuTu: 772512 (v9)
GeekBench: 4681 (v5.1)
GFXBench: 60fps (ES 3.1 onscreen)",Endurance rating 75h,"2,926,967 hits",4.1
iPhone SE (2020),Apple,TRUE,TRUE,TRUE,FALSE,"2020, April 15","Available. Released 2020, April 24",138.4 x 67.3 x 7.3 mm (5.45 x 2.65 x 0.29 in),148 g (5.22 oz),"Glass front, glass back, aluminum frame",Nano-SIM and eSIM,"IP67 dust/water resistant (up to 1m for 30 min)
Apple Pay (Visa, MasterCard, AMEX certified)","Retina IPS LCD, 625 nits (typ)","4.7 inches, 60.9 cm2 (~65.4% screen-to-body ratio)","750 x 1334 pixels, 16:9 ratio (~326 ppi density)",Ion-strengthened glass,,"iOS 13, upgradable to iOS 16.5, planned upgrade to iOS 17",Apple A13 Bionic (7 nm+),Hexa-core (2x2.65 GHz Lightning + 4x1.8 GHz Thunder),Apple GPU (4-core graphics),No,"64GB 3GB RAM, 128GB 3GB RAM, 256GB 3GB RAM","12 MP, f/1.8 (wide), PDAF, OIS","Quad-LED dual-tone flash, HDR, panorama","4K@24/30/60fps, 1080p@30/60/120/240fps, HDR, OIS, stereo sound rec.","7 MP, f/2.2",HDR,1080p@30fps, gyro-EIS,"Yes, with stereo speakers",No,"Wi-Fi 802.11 a/b/g/n/ac/6, dual-band, hotspot","5.0, A2DP, LE","GPS, GLONASS",Yes,No,"Lightning, USB 2.0","Fingerprint (front-mounted), accelerometer, proximity, gyro, compass, barometer","Li-Ion 1821 mAh, non-removable (6.91 Wh)","18W wired, 50% in 30 min (advertised)
7.5W wireless (Qi)","Black, White, Red",0.98 W/kg (head)     0.99 W/kg (body)     ,324.77,"
AnTuTu: 462253 (v8)
GeekBench: 3237 (v5.1)",Endurance rating 59h,"8,731,496 hits",3.5
Pixel Fold,Pixel,TRUE,TRUE,TRUE,TRUE,"2023, May 10","Coming soon. Exp. release 2023, June 27",Unfolded: 158.7 x 139.7 x 5.8 mmFolded: 139.7 x 79.5 x 12.1 mm,283 g (9.98 oz),"Glass front (Gorilla Glass Victus) (folded), plastic front (unfolded), glass back (Gorilla Glass Victus), aluminum frame",Nano-SIM and eSIM,IPX8 water resistant,"Foldable OLED, 120Hz, HDR10+, 1000 nits (HBM), 1450 nits (peak)","7.6 inches, 183.3 cm2 (~82.7% screen-to-body ratio)",1840 x 2208 pixels (~378 ppi density),,"Cover display:
OLED, 120Hz, HDR, Corning Gorilla Glass Victus
5.8 inches, 1080 x 2092 pixels, 17.4:9 ratio, 408 ppi
1200 nits (HBM), 1550 nits (peak)",Android 13,Google Tensor G2 (5 nm),Octa-core (2x2.85 GHz Cortex-X1 & 2x2.35 GHz Cortex-A78 & 4x1.80 GHz Cortex-A55),Mali-G710 MP7,No,"256GB 12GB RAM, 512GB 12GB RAM","48 MP, f/1.7, 25mm (wide), 1/2"", 0.8µm, Dual Pixel PDAF, Laser AF, OIS
10.8 MP, f/3.1, 112mm (telephoto), 1/3.1"", 1.22µm, Dual Pixel PDAF, OIS, 5x optical zoom
10.8 MP, f/2.2, 121˚, (ultrawide), 1/3"", 1.25µm","Dual-LED flash, HDR, panorama","4K@30/60fps, 1080p@30/60/120/240fps, 10-bit HDR","8 MP, f/2.0, 24mm (wide), 1/4"", 1.12µm
Cover camera:
9.5 MP, f/2.2, 24mm (wide), 1.22µm, Dual Pixel PDAF","HDR, panorama","4K@30/60fps, 1080p@30/60fps","Yes, with stereo speakers",No,"Wi-Fi 802.11 a/b/g/n/ac/6e, tri-band, Wi-Fi Direct","5.2, A2DP, LE, aptX HD","GPS, GLONASS, GALILEO, BDS",Yes,No,"USB Type-C 3.2, OTG","Fingerprint (side-mounted), accelerometer, gyro, proximity, compass, barometer","Li-Po 4821 mAh, non-removable","Wired, PD3.0
Wireless",,"Porcelain, Obsidian",G9FPL,1879,,,"201,860 hits",3.1
Pixel Tablet,Pixel,TRUE,TRUE,TRUE,FALSE,"2023, May 10","Available. Released 2023, June 20",258 x 169 x 8.1 mm (10.16 x 6.65 x 0.32 in),493 g (1.09 lb),"Glass front, aluminum frame, aluminum back",No,Stylus support,IPS LCD,"10.95 inches, 347.7 cm2 (~79.7% screen-to-body ratio)","1600 x 2560 pixels, 16:10 ratio (~276 ppi density)",,,Android 13,Google Tensor G2 (5 nm),Octa-core (2x2.85 GHz Cortex-X1 & 2x2.35 GHz Cortex-A78 & 4x1.80 GHz Cortex-A55),Mali-G710 MP7,No,"128GB 8GB RAM, 256GB 8GB RAM","8 MP, f/2.0, 24mm (wide), 1/4"", 1.12µm","HDR, panorama",1080p@30fps,"8 MP, f/2.0, 24mm (wide), 1/4"", 1.12µm","HDR, panorama",1080p@30fps,"Yes, with stereo speakers (4 speakers)",No,"Wi-Fi 802.11 a/b/g/n/ac/6, dual-band","5.2, A2DP, LE",Unspecified,No,No,"USB Type-C 3.2 (Gen 1), magnetic connector","Accelerometer, gyro, compass, proximity (accessories only)","Li-Po, non-removable (27 Wh)",Wired,,"Porcelain, Hazel, Rose",,729.4,,,"217,271 hits",3.3
Pixel 7a,Pixel,TRUE,TRUE,TRUE,TRUE,"2023, May 10","Available. Released 2023, May 10",152 x 72.9 x 9 mm (5.98 x 2.87 x 0.35 in),193.5 g (6.84 oz),"Glass front (Gorilla Glass 3), aluminum frame, plastic back",Nano-SIM and eSIM,IP67 dust/water resistant (up to 1m for 30 min),"OLED, HDR, 90Hz","6.1 inches, 90.7 cm2 (~81.8% screen-to-body ratio)","1080 x 2400 pixels, 20:9 ratio (~429 ppi density)",Corning Gorilla Glass 3,Always-on display,Android 13,Google Tensor G2 (5 nm),Octa-core (2x2.85 GHz Cortex-X1 & 2x2.35 GHz Cortex-A78 & 4x1.80 GHz Cortex-A55),Mali-G710 MP7,No,128GB 8GB RAM,"64 MP, f/1.9, 26mm (wide), 1/1.73"", 0.8µm, Dual Pixel PDAF, OIS
13 MP, f/2.2, 120˚ (ultrawide), 1.12µm","Dual-LED flash, Pixel Shift, Auto-HDR, panorama","4K@30/60fps, 1080p@30/60/120/240fps, OIS","13 MP, f/2.2, 20mm (ultrawide), 1.12µm","Auto-HDR, panorama","4K@30fps, 1080p@30fps","Yes, with stereo speakers",No,"Wi-Fi 802.11 a/b/g/n/ac/6e, tri-band","5.3, A2DP, LE","GPS, GLONASS, GALILEO, BDS, QZSS, NavIC",Yes,No,USB Type-C 3.2,"Fingerprint (under display, optical), accelerometer, gyro, proximity, compass, barometer","Li-Po 4385 mAh, non-removable","18W wired, PD3.0
7.5W wireless",,"Charcoal, Snow, Sea, Coral","GWKK3, GHL1X, G0DZQ, G82U8",428,"
AnTuTu: 765281 (v9)
GeekBench: 3191 (v5.1), 3631 (v6)
GFXBench: 62fps (ES 3.1 onscreen)",Endurance rating 76h,"1,202,745 hits",4.3
Pixel 7 Pro,Pixel,TRUE,TRUE,TRUE,TRUE,"2022, October 06","Available. Released 2022, October 13",162.9 x 76.6 x 8.9 mm (6.41 x 3.02 x 0.35 in),212 g (7.48 oz),"Glass front (Gorilla Glass Victus), glass back (Gorilla Glass Victus), aluminum frame",Nano-SIM and eSIM,IP68 dust/water resistant (up to 1.5m for 30 min),"LTPO AMOLED, 120Hz, HDR10+, 1000 nits (HBM), 1500 nits (peak)","6.7 inches, 110.6 cm2 (~88.7% screen-to-body ratio)","1440 x 3120 pixels, 19.5:9 ratio (~512 ppi density)",Corning Gorilla Glass Victus,Always-on display,Android 13,Google Tensor G2 (5 nm),Octa-core (2x2.85 GHz Cortex-X1 & 2x2.35 GHz Cortex-A78 & 4x1.80 GHz Cortex-A55),Mali-G710 MP7,No,"128GB 8GB RAM, 256GB 8GB RAM, 128GB 12GB RAM, 256GB 12GB RAM, 512GB 12GB RAM","50 MP, f/1.9, 25mm (wide), 1/1.31"", 1.2µm, multi-directional PDAF, Laser AF, OIS
48 MP, f/3.5, 120mm (telephoto), 1/2.55"", 0.7µm, multi-directional PDAF, OIS, 5x optical zoom
12 MP, f/2.2, 126˚ (ultrawide), 1/2.9"", 1.25µm, AF","Dual-LED flash, Pixel Shift, Auto-HDR, panorama","4K@30/60fps, 1080p@30/60/120/240fps; gyro-EIS, OIS, 10-bit HDR","10.8 MP, f/2.2, 21mm (ultrawide), 1/3.1"", 1.22µm","Auto-HDR, panorama","4K@30/60fps, 1080p@30/60fps","Yes, with stereo speakers",No,"Wi-Fi 802.11 a/b/g/n/ac/6e, tri-band, Wi-Fi Direct","5.2, A2DP, LE, aptX HD","GPS (L1+L5), GLONASS (G1), BDS (B1I+B1c+B2a), GALILEO (E1+E5a), QZSS (L1+L5)",Yes,No,USB Type-C 3.2,"Fingerprint (under display, optical), accelerometer, gyro, proximity, compass, barometer","Li-Ion 5000 mAh, non-removable","23W wired, PD3.0, 50% in 30 min (advertised)
23W wireless
Reverse wireless",,"Obsidian, Snow, Hazel","GP4BC, GE2AE",706,"
AnTuTu: 796369 (v9)
GeekBench: 3187 (v5.1)
GFXBench: 34fps (ES 3.1 onscreen)",Endurance rating 83h,"3,508,235 hits",4.4
Pixel 7,Pixel,TRUE,TRUE,TRUE,TRUE,"2022, October 06","Available. Released 2022, October 13",155.6 x 73.2 x 8.7 mm (6.13 x 2.88 x 0.34 in),197 g (6.95 oz),"Glass front (Gorilla Glass Victus), glass back (Gorilla Glass Victus), aluminum frame",Nano-SIM and eSIM,IP68 dust/water resistant (up to 1.5m for 30 min),"AMOLED, 90Hz, HDR10+, 1000 nits (HBM), 1400 nits (peak)","6.3 inches, 96.7 cm2 (~84.9% screen-to-body ratio)","1080 x 2400 pixels, 20:9 ratio (~416 ppi density)",Corning Gorilla Glass Victus,Always-on display,Android 13,Google Tensor G2 (5 nm),Octa-core (2x2.85 GHz Cortex-X1 & 2x2.35 GHz Cortex-A78 & 4x1.80 GHz Cortex-A55),Mali-G710 MP7,No,"128GB 8GB RAM, 256GB 8GB RAM","50 MP, f/1.9, 25mm (wide), 1/1.31"", 1.2µm, multi-directional PDAF, Laser AF, OIS
12 MP, f/2.2, 114˚ (ultrawide), 1/2.9"", 1.25µm","Dual-LED flash, Pixel Shift, Auto-HDR, panorama","4K@30/60fps, 1080p@30/60/120/240fps; gyro-EIS, OIS, 10-bit HDR","10.8 MP, f/2.2, 21mm (ultrawide), 1/3.1"", 1.22µm","Auto-HDR, panorama","4K@30/60fps, 1080p@30/60fps","Yes, with stereo speakers",No,"Wi-Fi 802.11 a/b/g/n/ac/6e, tri-band, Wi-Fi Direct","5.2, A2DP, LE, aptX HD","GPS (L1+L5), GLONASS (G1), BDS (B1I+B1c+B2a), GALILEO (E1+E5a), QZSS (L1+L5)",Yes,No,USB Type-C 3.2,"Fingerprint (under display, optical), accelerometer, gyro, proximity, compass, barometer","Li-Ion 4355 mAh, non-removable","20W wired, PD3.0, 50% in 30 min (advertised)
20W wireless
Reverse wireless",,"Obsidian, Lemongrass, Snow","GVU6C, GQML3",484,"
AnTuTu: 813114 (v9)
GeekBench: 3288 (v5.1)
GFXBench: 59fps (ES 3.1 onscreen)",Endurance rating 96h,"2,526,055 hits",4.3
Pixel 6a,Pixel,TRUE,TRUE,TRUE,TRUE,"2022, May 11","Available. Released 2022, July 21",152.2 x 71.8 x 8.9 mm (5.99 x 2.83 x 0.35 in),178 g (6.28 oz),"Glass front (Gorilla Glass 3), aluminum frame, plastic back",Nano-SIM and eSIM,IP67 dust/water resistant (up to 1m for 30 min),"OLED, HDR","6.1 inches, 90.7 cm2 (~83.0% screen-to-body ratio)","1080 x 2400 pixels, 20:9 ratio (~429 ppi density)",Corning Gorilla Glass 3,Always-on display,"Android 12, upgradable to Android 13",Google Tensor (5 nm),Octa-core (2x2.80 GHz Cortex-X1 & 2x2.25 GHz Cortex-A76 & 4x1.80 GHz Cortex-A55),Mali-G78 MP20,No,128GB 6GB RAM,"12.2 MP, f/1.7, 27mm, (wide), 1/2.55"", 1.4µm, dual pixel PDAF, OIS
12 MP, f/2.2, 17mm, 114˚ (ultrawide), 1.25µm","Dual-LED flash, Pixel Shift, Auto-HDR, panorama","4K@30/60fps, 1080p@30/60/120/240fps; gyro-EIS, OIS","8 MP, f/2.0, 24mm (wide), 1.12µm","Auto-HDR, panorama",1080p@30fps,"Yes, with stereo speakers",No,"Wi-Fi 802.11 a/b/g/n/ac/6e, dual-band, Wi-Fi Direct","5.2, A2DP, LE","GPS, GLONASS, GALILEO, QZSS",Yes,No,USB Type-C 3.1,"Fingerprint (under display, optical), accelerometer, gyro, proximity, compass, barometer","Li-Po 4410 mAh, non-removable","18W wired, PD3.0",,"Chalk, Charcoal, Sage","GX7AS, GB62Z, G1AZG",309,,Endurance rating 94h,"4,206,193 hits",4.2
OnePlus Nord CE 3 Lite,Oneplus,TRUE,TRUE,TRUE,TRUE,"2023, April 04","Available. Released 2023, April 11",165.5 x 76 x 8.3 mm (6.52 x 2.99 x 0.33 in),195 g (6.88 oz),"Glass front, plastic frame, plastic back","Hybrid Dual SIM (Nano-SIM, dual stand-by)",,"IPS LCD, 120Hz, 550 nits (typ), 680 nits (peak)","6.72 inches, 109.6 cm2 (~87.1% screen-to-body ratio)","1080 x 2400 pixels, 20:9 ratio (~391 ppi density)",Corning Gorilla Glass,,"Android 13, OxygenOS 13.1",Qualcomm SM6375 Snapdragon 695 5G (6 nm),Octa-core (2x2.2 GHz Kryo 660 Gold & 6x1.7 GHz Kryo 660 Silver),Adreno 619,microSDXC (uses shared SIM slot),"128GB 8GB RAM, 256GB 8GB RAM","108 MP, f/1.8, (wide), 1/1.67"", 0.64µm, PDAF
2 MP, f/2.4, (macro)
2 MP, f/2.4, (depth)","LED flash, HDR, panorama",1080p@30fps,"16 MP, f/2.4, (wide), 1.0µm","HDR, panorama",1080p@30fps,"Yes, with stereo speakers",Yes,"Wi-Fi 802.11 a/b/g/n/ac, dual-band","5.1, A2DP, LE, aptX HD","GPS, GALILEO, GLONASS, BDS, QZSS",Yes (market/region dependent),No,"USB Type-C 2.0, OTG","Fingerprint (side-mounted), accelerometer, gyro, proximity, compass","Li-Po 5000 mAh, non-removable","67W wired, 80% in 30 min (advertised)",,"Pastel Lime, Chromatic Gray","CPH2467, CPH2465",249,"
AnTuTu: 412006 (v9)
GeekBench: 2052 (v5)
GFXBench: 17fps (ES 3.1 onscreen)",,"1,099,899 hits",3.9
OnePlus Ace 2V,Oneplus,TRUE,TRUE,TRUE,TRUE,"2023, March 07","Available. Released 2023, March 15",162.6 x 75.1 x 8.2 mm (6.40 x 2.96 x 0.32 in),191.5 g (6.77 oz),"Glass front (Asahi Glass), aluminum frame, glass back (Gorilla Glass 5)","Dual SIM (Nano-SIM, dual stand-by)",,"AMOLED, 1B colors, 120Hz, HDR10+, 500 nits (typ), 1100 nits (HBM), 1450 nits (peak)","6.74 inches, 109.2 cm2 (~89.5% screen-to-body ratio)","1240 x 2772 pixels, 20:9 ratio (~451 ppi density)",Asahi Glass,,"Android 13, ColorOS 13",Mediatek MT6983 Dimensity 9000 (4 nm),Octa-core (1x3.05 GHz Cortex-X2 & 3x2.85 GHz Cortex-A710 & 4x1.80 GHz Cortex-A510),Mali-G710 MC10,No,"256GB 12GB RAM, 256GB 16GB RAM, 512GB 16GB RAM","64 MP, f/1.7, 25mm (wide), PDAF
8 MP, f/2.2, 16mm, 112˚ (ultrawide), 1/4.0"", 1.12µm
2 MP, f/2.4, (macro)","LED flash, HDR, panorama","4K@30/60fps, 1080p@30/60/120fps, gyro-EIS","16 MP, f/2.4, 26mm (wide), 1/3.09"", 1.0µm",HDR,1080p@30fps,"Yes, with stereo speakers",No,"Wi-Fi 802.11 a/b/g/n/ac/6, dual-band","5.3, A2DP, LE, aptX HD","GPS (L1+L5), GLONASS (G1), BDS (B1I+B1c+B2a), GALILEO (E1+E5a), QZSS (L1+L5)","Yes, eSE, HCE, NFC-SIM",No,USB Type-C 2.0,"Fingerprint (under display, optical), accelerometer, gyro, proximity, compass, color spectrum","Li-Po 5000 mAh, non-removable","80W wired, 1-100% in 32 min (advertised)",,"Black, Blue/Green",PHP110,339.99,,,"455,611 hits",3.7
OnePlus Pad,Oneplus,TRUE,TRUE,TRUE,FALSE,"2023, February 07","Available. Released 2023, April 28",258 x 189.4 x 6.5 mm (10.16 x 7.46 x 0.26 in),552 g (1.22 lb),"Glass front, aluminum frame",No,Stylus support,"IPS LCD, 1B colors, Dolby Vision, HDR10+, 144Hz, 500 nits (typ)","11.61 inches, 411.3 cm2 (~84.2% screen-to-body ratio)",2000 x 2800 pixels (~296 ppi density),,,"Android 13, OxygenOS 13.1",Mediatek MT6983 Dimensity 9000 (4 nm),Octa-core (1x3.05 GHz Cortex-X2 & 3x2.85 GHz Cortex-A710 & 4x1.80 GHz Cortex-A510),Mali-G710 MC10,No,"128GB 8GB RAM, 256GB 12GB RAM","13 MP, f/2.2, 23mm (wide)",LED flash,"4K@30fps, 1080p@30ps, gyro-EIS","8 MP, f/2.3, (wide), 1/4"", 1.12µm",,1080p@30fps,"Yes, with stereo speakers (4 speakers)",No,"Wi-Fi 802.11 a/b/g/n/ac/6, dual-band","5.3, A2DP, LE, aptX HD","GPS, GLONASS, GALILEO, BDS (B1+B1c)",No,No,"USB Type-C 2.0, OTG, accessory connector","Accelerometer, gyro, compass","Li-Po 9510 mAh, non-removable",67W wired,,Halo Green,,544.99,"
AnTuTu: 859019 (v9)
GeekBench: 3158 (v5.1)
GFXBench: 28fps (ES 3.1 onscreen)",,"367,814 hits",4.2
OnePlus 11R,Oneplus,TRUE,TRUE,TRUE,TRUE,"2023, February 07","Available. Released 2023, February 21",163.4 x 74.3 x 8.7 mm (6.43 x 2.93 x 0.34 in),204 g (7.20 oz),"Glass front, glass back (Gorilla Glass 5), plastic frame","Dual SIM (Nano-SIM, dual stand-by)",,"Fluid AMOLED, 1B colors, 120Hz, HDR10+, 1450 nits (peak)","6.74 inches, 109.2 cm2 (~90.0% screen-to-body ratio)","1240 x 2772 pixels, 20:9 ratio (~451 ppi density)",,,"Android 13, OxygenOS 13",Qualcomm SM8475 Snapdragon 8+ Gen 1 (4 nm),Octa-core (1x3.19 GHz Cortex-X2 & 3x2.75 GHz Cortex-A710 & 4x1.80 GHz Cortex-A510),Adreno 730,No,"128GB 8GB RAM, 256GB 16GB RAM","50 MP, f/1.8, 24mm (wide), 1/1.56"", 1.0µm, multi-directional PDAF, OIS
8 MP, f/2.2, 120˚ (ultrawide), 1/4.0"", 1.12µm
2 MP, f/2.4, (macro)","LED flash, HDR, panorama","4K@30/60fps, 1080p@30/60/240fps, gyro-EIS","16 MP, f/2.4, 24mm (wide), 1/3.09"", 1.0µm",HDR,1080p@30fps,"Yes, with stereo speakers",No,"Wi-Fi 802.11 a/b/g/n/ac/6, dual-band","5.3, A2DP, LE, aptX HD","GPS (L1+L5), GLONASS (G1), BDS (B1I+B1c+B2a), GALILEO (E1+E5a), QZSS (L1+L5)",Yes,No,USB Type-C 2.0,"Fingerprint (under display, optical), accelerometer, gyro, proximity, compass, color spectrum","Li-Po 5000 mAh, non-removable",100W wired,,"Galactic Silver, Sonic Black",CPH2487,599,"
AnTuTu: 953897 (v9)
GeekBench: 3608 (v5)
GFXBench: 60fps (ES 3.1 onscreen)",,"1,164,148 hits",4.3
OnePlus Ace 2,Oneplus,TRUE,TRUE,TRUE,TRUE,"2023, February 07","Available. Released 2023, February 13",163.4 x 74.3 x 8.7 mm (6.43 x 2.93 x 0.34 in),204 g (7.20 oz),"Glass front (Asahi Glass), aluminum frame, glass back (Gorilla Glass 5)","Dual SIM (Nano-SIM, dual stand-by)",,"AMOLED, 1B colors, 120Hz, HDR10+","6.74 inches, 109.2 cm2 (~90.0% screen-to-body ratio)","1240 x 2772 pixels, 20:9 ratio (~451 ppi density)",Asahi Glass,,"Android 13, ColorOS 13",Qualcomm SM8475 Snapdragon 8+ Gen 1 (4 nm),Octa-core (1x3.19 GHz Cortex-X2 & 3x2.75 GHz Cortex-A710 & 4x1.80 GHz Cortex-A510),Adreno 730,No,"256GB 12GB RAM, 256GB 16GB RAM, 512GB 16GB RAM","50 MP, f/1.8, 24mm (wide), 1/1.56"", 1.0µm, PDAF, OIS
8 MP, f/2.2, 16mm, 120˚ (ultrawide), 1/4.0"", 1.12µm
2 MP, f/2.4, (macro)","LED flash, HDR, panorama","4K@30/60fps, 1080p@30/60/120/240fps, gyro-EIS","16 MP, f/2.4, 26mm (wide), 1/3.09"", 1.0µm",HDR,1080p@30fps,"Yes, with stereo speakers",No,"Wi-Fi 802.11 a/b/g/n/ac/6, dual-band","5.3, A2DP, LE","GPS (L1+L5), GLONASS (G1), BDS (B1I+B1c+B2a), GALILEO (E1+E5a), QZSS (L1+L5)","Yes, eSE, HCE",No,USB Type-C 2.0,"Fingerprint (under display, optical), accelerometer, gyro, proximity, compass, color spectrum","Li-Po 5000 mAh, non-removable","100W wired, 1-100% in 25 min (advertised)",,"Black, Glacier Blue",PHK110,424.99,,,"383,634 hits",3.5
OnePlus 11,Oneplus,TRUE,TRUE,TRUE,TRUE,"2023, January 04","Available. Released 2023, January 09",163.1 x 74.1 x 8.5 mm (6.42 x 2.92 x 0.33 in),205 g (7.23 oz),"Glass front (Gorilla Glass Victus), glass back (Gorilla Glass 5), aluminum frame","Single SIM (Nano-SIM) or Dual SIM (2x Nano-SIM, eSIM, dual stand-by)",IP64,"LTPO3 Fluid AMOLED, 1B colors, 120Hz, Dolby Vision, HDR10+, 500 nits (typ), 800 nits (HBM), 1300 nits (peak)","6.7 inches, 108.4 cm2 (~89.7% screen-to-body ratio)","1440 x 3216 pixels, 20:9 ratio (~525 ppi density)",Corning Gorilla Glass Victus,Always-on display,"Android 13, OxygenOS 13 (International), ColorOS 13 (China)",Qualcomm SM8550-AB Snapdragon 8 Gen 2 (4 nm),Octa-core (1x3.2 GHz Cortex-X3 & 2x2.8 GHz Cortex-A715 & 2x2.8 GHz Cortex-A710 & 3x2.0 GHz Cortex-A510),Adreno 740,No,"128GB 8GB RAM, 256GB 12GB RAM, 256GB 16GB RAM, 512GB 16GB RAM","50 MP, f/1.8, 24mm (wide), 1/1.56"", 1.0µm, multi-directional PDAF, OIS
32 MP, f/2.0, 48mm (telephoto), 1/2.74"", PDAF, 2x optical zoom
48 MP, f/2.2, 115˚, (ultrawide), 1/2.0"", AF","Hasselblad Color Calibration, Dual-LED flash, HDR, panorama","8K@24fps, 4K@30/60fps, 1080p@30/60/240fps, Auto HDR, gyro-EIS","16 MP, f/2.5, 25mm (wide), 1.0µm","Auto-HDR, panorama","1080p@30fps, gyro-EIS","Yes, with stereo speakers",No,"Wi-Fi 802.11 a/b/g/n/ac/6/7, dual-band, Wi-Fi Direct","5.3, A2DP, LE, aptX HD","GPS (L1+L5), GLONASS (G1), BDS (B1I+B1c+B2a), GALILEO (E1+E5a), QZSS (L1+L5)","Yes, eSE, HCE",No,"USB Type-C 2.0, OTG","Fingerprint (under display, optical), accelerometer, gyro, proximity, compass, color spectrum","Li-Po 5000 mAh, non-removable","100W wired, PD, 1-50% in 10 min, 1-100% in 25 min (advertised) - International
80W wired, PD - USA",,"Titan Black, Eternal Green, Jupiter Rock","PHB110, CPH2449, CPH2447, CPH2451",625,"
AnTuTu: 1140661 (v9)
GeekBench: 4899 (v5.1)
GFXBench: 57fps (ES 3.1 onscreen)",Endurance rating 108h,"2,384,903 hits",4.4
OnePlus Nord N300,Oneplus,TRUE,TRUE,TRUE,TRUE,"2022, October 24","Available. Released 2022, November 03",163.8 x 75.1 x 8 mm (6.45 x 2.96 x 0.31 in),190 g (6.70 oz),"Glass front, plastic frame, plastic back",Nano-SIM,,"IPS LCD, 90Hz","6.56 inches, 103.4 cm2 (~84.0% screen-to-body ratio)","720 x 1612 pixels, 20:9 ratio (~269 ppi density)",,,"Android 12, OxygenOS",Mediatek MT6833P Dimensity 810 (6 nm),Octa-core (2x2.4 GHz Cortex-A76 & 6x2.0 GHz Cortex-A55),Mali-G57 MC2,microSDXC,64GB 4GB RAM,"48 MP, f/1.8, (wide), PDAF
2 MP, f/2.4, (depth)","LED flash, HDR, panorama",1080p@30fps,"16 MP, f/2.0, (wide)",HDR,1080p@30fps,"Yes, with dual speakers",Yes,"Wi-Fi 802.11 a/b/g/n/ac, dual-band","5.3, A2DP, LE","GPS, GLONASS, GALILEO",Yes,Unspecified,"USB Type-C 2.0, OTG","Fingerprint (side-mounted), accelerometer, gyro, proximity, compass, barometer","Li-Po 5000 mAh, non-removable",33W wired,,Midnight Jade,CPH2389,249.99,"
AnTuTu: 335440 (v9)
GeekBench: 1780 (v5.1)
GFXBench: 23fps (ES 3.1 onscreen)",Endurance rating 114h,"352,611 hits",3
OnePlus Ace Pro,Oneplus,TRUE,TRUE,TRUE,TRUE,"2022, August 09","Available. Released 2022, August 15",163 x 75.4 x 8.8 mm (6.42 x 2.97 x 0.35 in),203.5 g (7.20 oz),"Glass front (Gorilla Glass 5), plastic frame, glass back","Dual SIM (Nano-SIM, dual stand-by)",,"Fluid AMOLED, 1B colors, 120Hz, HDR10+, 500 nits (typ), 800 nits (HBM), 950 nits (peak)","6.7 inches, 108.0 cm2 (~87.9% screen-to-body ratio)","1080 x 2412 pixels, 20:9 ratio (~394 ppi density)",Corning Gorilla Glass 5,,"Android 12, ColorOS 12.1",Qualcomm SM8475 Snapdragon 8+ Gen 1 (4 nm),Octa-core (1x3.19 GHz Cortex-X2 & 3x2.75 GHz Cortex-A710 & 4x1.80 GHz Cortex-A510),Adreno 730,No,"256GB 12GB RAM, 256GB 16GB RAM, 512GB 16GB RAM","50 MP, f/1.8, 24mm (wide), 1/1.56"", 1.0µm, PDAF, OIS
8 MP, f/2.2, 120˚ (ultrawide), 1/4"", 1.12µm
2 MP, f/2.4, (macro)","Dual LED flash, HDR, panorama","4K@30/60fps, 1080p@30/60/240fps, gyro-EIS","16 MP, f/2.4, 24mm (wide), 1/3"", 1.0µm",HDR,1080p@30fps,"Yes, with stereo speakers",No,"Wi-Fi 802.11 a/b/g/n/ac/6, dual-band, Wi-Fi Direct","5.2, A2DP, LE, aptX HD","GPS (L1+L5), GLONASS (L1), BDS (B1I+B1c+B2a), GALILEO (E1+E5a), QZSS (L1+L5)",Yes,No,USB Type-C 2.0,"Fingerprint (under display, optical), accelerometer, gyro, proximity, compass, color spectrum","Li-Po 4800 mAh, non-removable",150W wired,,"Moonstone Black, Jade Green, Genshin Impact",PGP110,544.99,,,"666,674 hits",3.6
OnePlus Nord N20 SE,Oneplus,TRUE,TRUE,TRUE,FALSE,"2022, August 05","Available. Released 2022, August 08",163.8 x 75 x 8 mm (6.45 x 2.95 x 0.31 in),187 g (6.60 oz),"Glass front, plastic frame, plastic back","Dual SIM (Nano-SIM, dual stand-by)",,"IPS LCD, 480 nits (typ), 600 nits (HBM)","6.56 inches, 103.4 cm2 (~84.2% screen-to-body ratio)","720 x 1612 pixels, 20:9 ratio (~269 ppi density)",,,"Android 12, OxygenOS 12.1",Mediatek MT6765G Helio G35 (12 nm),Octa-core (4x2.3 GHz Cortex-A53 & 4x1.8 GHz Cortex-A53),PowerVR GE8320,microSDXC,"64GB 4GB RAM, 128GB 4GB RAM","50 MP, f/1.8, (wide), 1/2.76"", 0.64µm, PDAF
2 MP, f/2.4, (depth)","LED flash, HDR, panorama",1080p@30fps,"8 MP, f/2.0, 26mm (wide), 1/4"", 1.12µm",,1080p@30fps,"Yes, with dual speakers",Yes,"Wi-Fi 802.11 a/b/g/n/ac, dual-band, Wi-Fi Direct","5.3, A2DP, LE, aptX HD","GPS, GLONASS, BDS, GALILEO, QZSS",No,No,"USB Type-C 2.0, OTG","Fingerprint (side-mounted), accelerometer, proximity, compass","Li-Po 5000 mAh, non-removable","33W wired, 50% in 34 min, 100% in 69 min (advertised)",,"Blue Oasis, Celestial Black",CPH2469,125,,,"640,940 hits",3.4
OnePlus 10T,Oneplus,TRUE,TRUE,TRUE,TRUE,"2022, August 03","Available. Released 2022, August 06",163 x 75.4 x 8.8 mm (6.42 x 2.97 x 0.35 in),204 g (7.20 oz),"Glass front (Gorilla Glass 5), plastic frame, glass back (Gorilla Glass 5)","Dual SIM (Nano-SIM, dual stand-by)",,"Fluid AMOLED, 1B colors, 120Hz, HDR10+","6.7 inches, 108.0 cm2 (~87.9% screen-to-body ratio)","1080 x 2412 pixels, 20:9 ratio (~394 ppi density)",Corning Gorilla Glass 5,,"Android 12, OxygenOS 13",Qualcomm SM8475 Snapdragon 8+ Gen 1 (4 nm),Octa-core (1x3.19 GHz Cortex-X2 & 3x2.75 GHz Cortex-A710 & 4x1.80 GHz Cortex-A510),Adreno 730,No,"128GB 8GB RAM, 256GB 12GB RAM, 256GB 16GB RAM","50 MP, f/1.8, 24mm (wide), 1/1.56"", 1.0µm, PDAF, OIS
8 MP, f/2.2, 120˚ (ultrawide), 1/4"", 1.12µm
2 MP, f/2.4, (macro)","Dual LED flash, HDR, panorama","4K@30/60fps, 1080p@30/60/240fps, gyro-EIS","16 MP, f/2.4, 24mm (wide), 1/3"", 1.0µm",HDR,1080p@30fps,"Yes, with stereo speakers",No,"Wi-Fi 802.11 a/b/g/n/ac/6, dual-band, Wi-Fi Direct","5.2, A2DP, LE, aptX HD","GPS (L1+L5), GLONASS (L1), BDS (B1I+B1c+B2a), GALILEO (E1+E5a), QZSS (L1+L5)",Yes,No,USB Type-C 2.0,"Fingerprint (under display, optical), accelerometer, gyro, proximity, compass, color spectrum","Li-Po 4800 mAh, non-removable",150W wired (125W for 110V sockets),,"Moonstone Black, Jade Green","CPH2415, CPH2413, CPH2417",389,"
AnTuTu: 1016958 (v9)
GeekBench: 3907 (v5.1)
GFXBench: 103fps (ES 3.1 onscreen)",Endurance rating 96h,"1,563,992 hits",4.3
OnePlus Nord 2T,Oneplus,TRUE,TRUE,TRUE,TRUE,"2022, May 19","Available. Released 2022, May 21",159.1 x 73.2 x 8.2 mm (6.26 x 2.88 x 0.32 in),190 g (6.70 oz),"Glass front (Gorilla Glass 5), plastic frame","Dual SIM (Nano-SIM, dual stand-by)",,"AMOLED, 90Hz, HDR10+","6.43 inches, 99.8 cm2 (~85.7% screen-to-body ratio)","1080 x 2400 pixels, 20:9 ratio (~409 ppi density)",Corning Gorilla Glass 5,,"Android 12, upgradable to Android 13, OxygenOS 13",Mediatek MT6893Z Dimensity 1300 (6 nm),Octa-core (1x3.0 GHz Cortex-A78 & 3x2.6 GHz Cortex-A78 & 4x2.0 GHz Cortex-A55),Mali-G77 MC9,No,"128GB 8GB RAM, 256GB 12GB RAM","50 MP, f/1.9, 24mm (wide), 1/1.56"", 1.0µm, PDAF, OIS
8 MP, f/2.2, 120˚ (ultrawide)
2 MP, f/2.2, (depth)","Dual-LED flash, HDR, panorama","4K@30fps, 1080p@30/60/120/480fps, gyro-EIS","32 MP, f/2.4, (wide), 1/2.8"", 0.8µm",Auto HDR,"1080p@30fps, gyro-EIS","Yes, with stereo speakers",No,"Wi-Fi 802.11 a/b/g/n/ac/6, dual-band, Wi-Fi Direct","5.2, A2DP, LE, aptX HD","GPS, GLONASS, GALILEO, BDS, NavIC",Yes,No,"USB Type-C 2.0, OTG","Fingerprint (under display, optical), accelerometer, gyro, proximity, compass","Li-Po 4500 mAh, non-removable","80W wired, PD",,"Gray Shadow, Jade Fog","CPH2399, CPH2401",343,"
AnTuTu: 490545 (v8) | 604467 (v9)
GeekBench: 2790 (v5.1)
GFXBench: 40fps (ES 3.1 onscreen)",Endurance rating 100h,"2,215,070 hits",4.1
OnePlus Ace Racing,Oneplus,TRUE,TRUE,TRUE,TRUE,"2022, May 17","Available. Released 2022, May 31",164.3 x 75.8 x 8.7 mm (6.47 x 2.98 x 0.34 in),205 g (7.23 oz),,"Dual SIM (Nano-SIM, dual stand-by)",,"IPS LCD, 120Hz, 480 nits (typ), 600 (HBM)","6.59 inches, 104.5 cm2 (~83.9% screen-to-body ratio)","1080 x 2412 pixels, 20:9 ratio (~401 ppi density)",,,"Android 12, ColorOS 12.1",Mediatek Dimensity 8100-Max (5 nm),Octa-core (4x2.85 GHz Cortex-A78 & 4x2.0 GHz Cortex-A55),Mali-G610 MC6,No,"128GB 8GB RAM, 256GB 8GB RAM, 256GB 12GB RAM","64 MP, f/1.7, 25mm (wide), PDAF
8 MP, f/2.2, 15mm, 119˚ (ultrawide), 1/4.0"", 1.12µm
2 MP, f/2.4, (macro)","LED flash, HDR, panorama","4K@30fps, 1080p@30/60/120fps, gyro-EIS","16 MP, f/2.1, 26mm (wide), 1/3.09"", 1.0µm",HDR,"1080p@30fps, gyro-EIS","Yes, with stereo speakers",Yes,"Wi-Fi 802.11 a/b/g/n/ac/6, dual-band, Wi-Fi Direct","5.3, A2DP, LE, aptX HD","GPS, GLONASS, GALILEO, BDS, QZSS",Yes,No,USB Type-C 2.0,"Fingerprint (side-mounted), accelerometer, gyro, proximity, compass","Li-Po 5000 mAh, non-removable","67W wired, 80% in 29 min (advertised)",,"Black, Blue",PGZ110,329.99,,,"385,659 hits",
OnePlus Nord N20 5G,Oneplus,TRUE,TRUE,TRUE,TRUE,"2022, April 28","Available. Released 2022, April 28",159.9 x 73.2 x 7.5 mm (6.30 x 2.88 x 0.30 in),173 g (6.10 oz),"Glass front (Schott Xensation Up), plastic frame, plastic back",Nano-SIM,,AMOLED,"6.43 inches, 99.8 cm2 (~85.3% screen-to-body ratio)","1080 x 2400 pixels, 20:9 ratio (~409 ppi density)",Schott Xensation Up,Always-on display,"Android 11, OxygenOS 11",Qualcomm SM6375 Snapdragon 695 5G (6 nm),Octa-core (2x2.2 GHz Kryo 660 Gold & 6x1.7 GHz Kryo 660 Silver),Adreno 619,microSDXC (dedicated slot),128GB 6GB RAM,"64 MP, f/1.8, (wide), PDAF
2 MP, f/2.4, (macro)
2 MP, f/2.4, (depth)","LED flash, HDR, panorama",1080p@30fps,"16 MP, f/2.4, (wide)",HDR,1080p@30fps,Yes,Yes,"Wi-Fi 802.11 a/b/g/n/ac, dual-band, Wi-Fi Direct","5.1, A2DP, LE","GPS (L1+L5), GLONASS, GALILEO, BDS",Yes,No,"USB Type-C 2.0, OTG","Fingerprint (under display, optical), accelerometer, gyro, proximity, compass, barometer","Li-Po 4500 mAh, non-removable",33W wired,,Blue,"GN2200, CPH2459",249.99,"
AnTuTu: 316974 (v8), 380672 (v9)
GeekBench: 1945 (v5.1)
GFXBench: 16fps (ES 3.1 onscreen)",Endurance rating 129h,"1,164,939 hits",3.4
OnePlus 10R 150W,Oneplus,TRUE,TRUE,TRUE,TRUE,"2022, April 28","Available. Released 2022, May 04",163.3 x 75.5 x 8.2 mm (6.43 x 2.97 x 0.32 in),186 g (6.56 oz),"Glass front (Gorilla Glass 5), plastic frame, plastic back","Dual SIM (Nano-SIM, dual stand-by)",,"Fluid AMOLED, 1B colors, 120Hz, HDR10+","6.7 inches, 108.0 cm2 (~87.6% screen-to-body ratio)","1080 x 2412 pixels, 20:9 ratio (~394 ppi density)",Corning Gorilla Glass 5,,"Android 12, upgradable to Android 13, OxygenOS 13",Mediatek Dimensity 8100-Max (5 nm),Octa-core (4x2.85 GHz Cortex-A78 & 4x2.0 GHz Cortex-A55),Mali-G610 MC6,No,256GB 12GB RAM,"50 MP, f/1.8, 24mm (wide), 1/1.56"", 1.0µm, PDAF, OIS
8 MP, f/2.2, 15mm, 120˚ (ultrawide), 1/4.0"", 1.12µm
2 MP, f/2.4, (macro)","LED flash, HDR, panorama","4K@30fps, 1080p@30/60/120fps, gyro-EIS","16 MP, f/2.4, 26mm (wide), 1/3.09"", 1.0µm",HDR,"1080p@30fps, gyro-EIS","Yes, with stereo speakers",No,"Wi-Fi 802.11 a/b/g/n/ac/6, dual-band, Wi-Fi Direct","5.2, A2DP, LE","GPS (L1+L5), GLONASS (G1), BDS (B1), GALILEO (E1+E5a)",Yes,No,USB Type-C 2.0,"Fingerprint (under display, optical), accelerometer, gyro, proximity, compass, color spectrum","Li-Po 4500 mAh, non-removable","150W wired, 1-30% in 3 min, 1-100% in 17 min (advertised)",,"Sierra Black, Forest Green",,359.99,"
AnTuTu: 801224 (v9)
GeekBench: 3822 (v5)
GFXBench: 49fps (ES 3.1 onscreen)",,"257,692 hits",3.1
OnePlus 10R,Oneplus,TRUE,TRUE,TRUE,TRUE,"2022, April 28","Available. Released 2022, May 04",163.3 x 75.5 x 8.2 mm (6.43 x 2.97 x 0.32 in),186 g (6.56 oz),"Glass front (Gorilla Glass 5), plastic frame, plastic back","Dual SIM (Nano-SIM, dual stand-by)",,"Fluid AMOLED, 1B colors, 120Hz, HDR10+","6.7 inches, 108.0 cm2 (~87.6% screen-to-body ratio)","1080 x 2412 pixels, 20:9 ratio (~394 ppi density)",Corning Gorilla Glass 5,,"Android 12, upgradable to Android 13, OxygenOS 13",Mediatek Dimensity 8100-Max (5 nm),Octa-core (4x2.85 GHz Cortex-A78 & 4x2.0 GHz Cortex-A55),Mali-G610 MC6,No,"128GB 8GB RAM, 256GB 8GB RAM, 256GB 12GB RAM","50 MP, f/1.8, 24mm (wide), 1/1.56"", 1.0µm, PDAF, OIS
8 MP, f/2.2, 15mm, 120˚ (ultrawide), 1/4.0"", 1.12µm
2 MP, f/2.4, (macro)","LED flash, HDR, panorama","4K@30fps, 1080p@30/60/120fps, gyro-EIS","16 MP, f/2.4, 26mm (wide), 1/3.09"", 1.0µm",HDR,"1080p@30fps, gyro-EIS","Yes, with stereo speakers",No,"Wi-Fi 802.11 a/b/g/n/ac/6, dual-band, Wi-Fi Direct","5.2, A2DP, LE","GPS (L1+L5), GLONASS (G1), BDS (B1), GALILEO (E1+E5a)",Yes,No,USB Type-C 2.0,"Fingerprint (under display, optical), accelerometer, gyro, proximity, compass, color spectrum","Li-Po 5000 mAh, non-removable","80W wired, 1-100% in 32 min (advertised)",,"Sierra Black, Forest Green, Prime Blue",CPH2411,419.99,,,"1,432,258 hits",4.1
OnePlus Nord CE 2 Lite 5G,Oneplus,TRUE,TRUE,TRUE,TRUE,"2022, April 28","Available. Released 2022, April 30",164.3 x 75.6 x 8.5 mm (6.47 x 2.98 x 0.33 in),195 g (6.88 oz),"Glass front, plastic frame, plastic back","Dual SIM (Nano-SIM, dual stand-by)",,"IPS LCD, 120Hz","6.59 inches, 104.5 cm2 (~84.1% screen-to-body ratio)","1080 x 2412 pixels, 20:9 ratio (~401 ppi density)",,,"Android 12, upgradable to Android 13, OxygenOS 13",Qualcomm SM6375 Snapdragon 695 5G (6 nm),Octa-core (2x2.2 GHz Kryo 660 Gold & 6x1.7 GHz Kryo 660 Silver),Adreno 619,microSDXC (uses shared SIM slot),"128GB 6GB RAM, 128GB 8GB RAM","64 MP, f/1.7, 26mm (wide), 0.7µm, PDAF
2 MP, f/2.4, (macro)
2 MP, f/2.4, (depth)","LED flash, HDR, panorama",1080p@30fps,"16 MP, f/2.0, (wide), 1/3.0"", 1.0µm",HDR,1080p@30fps,Yes,Yes,"Wi-Fi 802.11 a/b/g/n/ac, dual-band, Wi-Fi Direct","5.2, A2DP, LE, aptX HD","GPS, GLONASS, GALILEO, BDS, QZSS",Yes (market/region dependent),Unspecified,"USB Type-C 2.0, OTG","Fingerprint (side-mounted), accelerometer, gyro, proximity, compass","Li-Po 5000 mAh, non-removable",33W wired,,"Black Dusk, Blue Tide","CPH2381, CPH2409",205,"
AnTuTu: 399306 (v9)
GeekBench: 1956 (v5)
GFXBench: 17fps (ES 3.1 onscreen)",,"1,677,851 hits",4.3
OnePlus Ace,Oneplus,TRUE,TRUE,TRUE,TRUE,"2022, April 21","Available. Released 2022, April 26",163.3 x 75.5 x 8.2 mm (6.43 x 2.97 x 0.32 in),186 g (6.56 oz),"Glass front (Gorilla Glass 5), plastic frame","Dual SIM (Nano-SIM, dual stand-by)",,"OLED, 1B colors, 120Hz, HDR10+, 500 nits (typ), 800 nits (HBM), 950 nits (peak)","6.7 inches, 108.0 cm2 (~87.6% screen-to-body ratio)","1080 x 2412 pixels, 20:9 ratio (~394 ppi density)",Corning Gorilla Glass 5,,"Android 12, ColorOS 12.1",Mediatek Dimensity 8100-Max (5 nm),Octa-core (4x2.85 GHz Cortex-A78 & 4x2.0 GHz Cortex-A55),Mali-G610 MC6,No,"128GB 8GB RAM, 256GB 8GB RAM, 256GB 12GB RAM, 512GB 12GB RAM","50 MP, f/1.9, 24mm (wide), 1/1.56"", 1.0µm, PDAF, OIS
8 MP, f/2.2, 15mm, 120˚ (ultrawide), 1/4.0"", 1.12µm
2 MP, f/2.4, (macro)","LED flash, HDR, panorama","4K@30/60fps, 1080p@30/60/240fps, gyro-EIS","16 MP, f/2.4, 26mm (wide), 1/3.09"", 1.0µm",HDR,"1080p@30fps, gyro-EIS","Yes, with stereo speakers",No,"Wi-Fi 802.11 a/b/g/n/ac/6, dual-band, Wi-Fi Direct","5.2, A2DP, LE","GPS, GLONASS, GALILEO, BDS",Yes,No,USB Type-C 2.0,"Fingerprint (under display, optical), accelerometer, gyro, proximity, compass, color spectrum","Li-Po 4500 mAh, non-removable","150W wired, 50% in 5 min (advertised)",,"Black, Blue",PGKM10,399.99,,,"610,168 hits",3.5
OnePlus 10 Pro,Oneplus,TRUE,TRUE,TRUE,TRUE,"2022, January 11","Available. Released 2022, January 13",163 x 73.9 x 8.6 mm (6.42 x 2.91 x 0.34 in),201 g (7.09 oz),"Glass front (Gorilla Glass Victus), glass back (Gorilla Glass 5), aluminum frame","Single SIM (Nano-SIM) or Dual SIM (Nano-SIM, dual stand-by)","IP68 dust/water resistant - T-Mobile only (not for use underwater, liquid damage is not covered under warranty)","LTPO2 Fluid AMOLED, 1B colors, 120Hz, HDR10+, 500 nits (typ), 800 nits (HBM), 1300 nits (peak)","6.7 inches, 108.4 cm2 (~90.0% screen-to-body ratio)","1440 x 3216 pixels, 20:9 ratio (~525 ppi density)",Corning Gorilla Glass Victus,Always-on display,"Android 12, upgradable to Android 13, OxygenOS 13 (International), ColorOS (China)",Qualcomm SM8450 Snapdragon 8 Gen 1 (4 nm),Octa-core (1x3.00 GHz Cortex-X2 & 3x2.50 GHz Cortex-A710 & 4x1.80 GHz Cortex-A510),Adreno 730,No,"128GB 8GB RAM, 256GB 8GB RAM, 256GB 12GB RAM, 512GB 12GB RAM","48 MP, f/1.8, 23mm (wide), 1/1.43"", 1.12µm, multi-directional PDAF, Laser AF, OIS
8 MP, f/2.4, 77mm (telephoto), 1.0µm, PDAF, OIS, 3.3x optical zoom
50 MP, f/2.2, 14mm, 150˚ (ultrawide), 1/2.76"", 0.64µm","Hasselblad Color Calibration, Dual-LED dual-tone flash, HDR, panorama","8K@24fps, 4K@30/60/120fps, 1080p@30/60/240fps, Auto HDR, gyro-EIS","32 MP, f/2.2, (wide), 1/2.74"", 0.8µm",Auto-HDR,"1080p@30fps, gyro-EIS","Yes, with stereo speakers",No,"Wi-Fi 802.11 a/b/g/n/ac/6, dual-band, Wi-Fi Direct","5.2, A2DP, LE, aptX HD","GPS (L1+L5), GLONASS (G1), BDS (B1), GALILEO (E1+E5a)",Yes,No,"USB Type-C 3.1, OTG","Fingerprint (under display, optical), accelerometer, gyro, proximity, compass, color spectrum, barometer","Li-Po 5000 mAh, non-removable","80W wired, PD, 1-100% in 32 min (International)
65W wired, PD, 1-58% in 15 min (North America)
50W wireless
Reverse wireless",,"Volcanic Black, Emerald Forest, Panda White (Extreme Edition)","NE2210, NE2211, NE2213, NE2215, NE2217",469,"
AnTuTu: 886248 (v9)
GeekBench: 3447 (v5.1)
GFXBench: 48fps (ES 3.1 onscreen)",Endurance rating 107h,"4,596,966 hits",4.3
OnePlus Nord CE 2 5G,Oneplus,TRUE,TRUE,TRUE,TRUE,"2022, February 17","Available. Released 2022, February 22",160.6 x 73.2 x 7.8 mm (6.32 x 2.88 x 0.31 in),173 g (6.10 oz),,"Dual SIM (Nano-SIM, dual stand-by)",,"AMOLED, 90Hz, HDR10+","6.43 inches, 99.8 cm2 (~84.9% screen-to-body ratio)","1080 x 2400 pixels, 20:9 ratio (~409 ppi density)",Corning Gorilla Glass 5,,"Android 11, upgradable to Android 13, OxygenOS 13",Mediatek MT6877 Dimensity 900 (6 nm),Octa-core (2x2.4 GHz Cortex-A78 & 6x2.0 GHz Cortex-A55),Mali-G68 MC4,microSDXC (dedicated slot),"128GB 6GB RAM, 128GB 8GB RAM","64 MP, f/1.8, 26mm (wide), 1/1.97"", 0.7µm, PDAF
8 MP, f/2.2, 119˚ (ultrawide)
2 MP, f/2.4, (macro)","LED flash, HDR, panorama","4K@30fps, 1080p@30/60/120fps, gyro-EIS","16 MP, f/2.4, 27mm (wide), 1.0µm",HDR,"1080p@30/60fps, gyro-EIS",Yes,Yes,"Wi-Fi 802.11 a/b/g/n/ac/6, dual-band, Wi-Fi Direct","5.2, A2DP, LE, aptX HD","GPS, GLONASS, GALILEO, BDS, QZSS",Yes,Unspecified,"USB Type-C 2.0, OTG","Fingerprint (under display, optical), accelerometer, gyro, proximity, compass","Li-Po 4500 mAh, non-removable",65W wired,,"Gray Mirror, Bahama Blue",IV2201,229.99,"
AnTuTu: 436640 (v9)
GeekBench: 2157 (v5)
GFXBench: 19fps (ES 3.1 onscreen)",,"2,395,784 hits",3.4
